,Year,Team,Week,,Sacked,Yards
0,2019,crd,1,/boxscores/201909080crd.htm,5,33
0,2019,crd,2,/boxscores/201909150rav.htm,3,20
0,2019,crd,3,/boxscores/201909220crd.htm,8,46
0,2019,crd,4,/boxscores/201909290crd.htm,4,35
0,2019,crd,5,/boxscores/201910060cin.htm,1,5
0,2019,crd,6,/boxscores/201910130crd.htm,0,0
0,2019,crd,7,/boxscores/201910200nyg.htm,2,15
0,2019,crd,8,/boxscores/201910270nor.htm,4,23
0,2019,crd,9,/boxscores/201910310crd.htm,3,37
0,2019,crd,10,/boxscores/201911100tam.htm,2,8
0,2019,crd,11,/boxscores/201911170sfo.htm,4,19
0,2019,crd,13,/boxscores/201912010crd.htm,6,39
0,2019,crd,14,/boxscores/201912080crd.htm,5,29
0,2019,crd,15,/boxscores/201912150crd.htm,0,0
0,2019,crd,16,/boxscores/201912220sea.htm,2,8
0,2019,crd,17,/boxscores/201912290ram.htm,1,3
0,2018,crd,1,/boxscores/201809090crd.htm,2,8
0,2018,crd,2,/boxscores/201809160ram.htm,1,7
0,2018,crd,3,/boxscores/201809230crd.htm,4,25
0,2018,crd,4,/boxscores/201809300crd.htm,1,9
0,2018,crd,5,/boxscores/201810070sfo.htm,1,6
0,2018,crd,6,/boxscores/201810140min.htm,4,32
0,2018,crd,7,/boxscores/201810180crd.htm,6,40
0,2018,crd,8,/boxscores/201810280crd.htm,3,19
0,2018,crd,10,/boxscores/201811110kan.htm,5,42
0,2018,crd,11,/boxscores/201811180crd.htm,1,8
0,2018,crd,12,/boxscores/201811250sdg.htm,2,18
0,2018,crd,13,/boxscores/201812020gnb.htm,2,16
0,2018,crd,14,/boxscores/201812090crd.htm,3,22
0,2018,crd,15,/boxscores/201812160atl.htm,7,50
0,2018,crd,16,/boxscores/201812230crd.htm,4,23
0,2018,crd,17,/boxscores/201812300sea.htm,6,36
0,2017,crd,1,/boxscores/201709100det.htm,1,5
0,2017,crd,2,/boxscores/201709170clt.htm,4,26
0,2017,crd,3,/boxscores/201709250crd.htm,6,42
0,2017,crd,4,/boxscores/201710010crd.htm,6,40
0,2017,crd,5,/boxscores/201710080phi.htm,2,15
0,2017,crd,6,/boxscores/201710150crd.htm,2,11
0,2017,crd,7,/boxscores/201710220ram.htm,3,17
0,2017,crd,9,/boxscores/201711050sfo.htm,0,0
0,2017,crd,10,/boxscores/201711090crd.htm,2,17
0,2017,crd,11,/boxscores/201711190htx.htm,2,13
0,2017,crd,12,/boxscores/201711260crd.htm,1,5
0,2017,crd,13,/boxscores/201712030crd.htm,7,34
0,2017,crd,14,/boxscores/201712100crd.htm,8,53
0,2017,crd,15,/boxscores/201712170was.htm,5,44
0,2017,crd,16,/boxscores/201712240crd.htm,2,15
0,2017,crd,17,/boxscores/201712310sea.htm,1,2
0,2016,crd,1,/boxscores/201609110crd.htm,3,19
0,2016,crd,2,/boxscores/201609180crd.htm,1,4
0,2016,crd,3,/boxscores/201609250buf.htm,5,27
0,2016,crd,4,/boxscores/201610020crd.htm,3,23
0,2016,crd,5,/boxscores/201610060sfo.htm,1,8
0,2016,crd,6,/boxscores/201610170crd.htm,0,0
0,2016,crd,7,/boxscores/201610230crd.htm,4,31
0,2016,crd,8,/boxscores/201610300car.htm,8,47
0,2016,crd,10,/boxscores/201611130crd.htm,2,13
0,2016,crd,11,/boxscores/201611200min.htm,4,43
0,2016,crd,12,/boxscores/201611270atl.htm,2,15
0,2016,crd,13,/boxscores/201612040crd.htm,2,19
0,2016,crd,14,/boxscores/201612110mia.htm,3,20
0,2016,crd,15,/boxscores/201612180crd.htm,1,9
0,2016,crd,16,/boxscores/201612240sea.htm,1,8
0,2016,crd,17,/boxscores/201701010ram.htm,1,3
0,2015,crd,1,/boxscores/201509130crd.htm,0,0
0,2015,crd,2,/boxscores/201509200chi.htm,0,0
0,2015,crd,3,/boxscores/201509270crd.htm,1,4
0,2015,crd,4,/boxscores/201510040crd.htm,4,18
0,2015,crd,5,/boxscores/201510110det.htm,2,13
0,2015,crd,6,/boxscores/201510180pit.htm,1,7
0,2015,crd,7,/boxscores/201510260crd.htm,2,11
0,2015,crd,8,/boxscores/201511010cle.htm,1,2
0,2015,crd,10,/boxscores/201511150sea.htm,3,29
0,2015,crd,11,/boxscores/201511220crd.htm,2,16
0,2015,crd,12,/boxscores/201511290sfo.htm,1,4
0,2015,crd,13,/boxscores/201512060ram.htm,2,13
0,2015,crd,14,/boxscores/201512100crd.htm,2,14
0,2015,crd,15,/boxscores/201512200phi.htm,2,11
0,2015,crd,16,/boxscores/201512270crd.htm,2,9
0,2015,crd,17,/boxscores/201601030crd.htm,2,8
0,2015,crd,Division,/boxscores/201601160crd.htm,3,21
0,2015,crd,Conf. Champ.,/boxscores/201601240car.htm,3,8
0,2014,crd,1,/boxscores/201409080crd.htm,2,10
0,2014,crd,2,/boxscores/201409140nyg.htm,4,25
0,2014,crd,3,/boxscores/201409210crd.htm,0,0
0,2014,crd,5,/boxscores/201410050den.htm,3,21
0,2014,crd,6,/boxscores/201410120crd.htm,1,7
0,2014,crd,7,/boxscores/201410190rai.htm,1,11
0,2014,crd,8,/boxscores/201410260crd.htm,0,0
0,2014,crd,9,/boxscores/201411020dal.htm,2,12
0,2014,crd,10,/boxscores/201411090crd.htm,3,19
0,2014,crd,11,/boxscores/201411160crd.htm,0,0
0,2014,crd,12,/boxscores/201411230sea.htm,3,9
0,2014,crd,13,/boxscores/201411300atl.htm,0,0
0,2014,crd,14,/boxscores/201412070crd.htm,2,14
0,2014,crd,15,/boxscores/201412110ram.htm,1,8
0,2014,crd,16,/boxscores/201412210crd.htm,4,29
0,2014,crd,17,/boxscores/201412280sfo.htm,2,17
0,2014,crd,Wild Card,/boxscores/201501030car.htm,4,31
0,2013,crd,1,/boxscores/201309080ram.htm,4,23
0,2013,crd,2,/boxscores/201309150crd.htm,1,4
0,2013,crd,3,/boxscores/201309220nor.htm,4,26
0,2013,crd,4,/boxscores/201309290tam.htm,1,8
0,2013,crd,5,/boxscores/201310060crd.htm,2,15
0,2013,crd,6,/boxscores/201310130sfo.htm,1,4
0,2013,crd,7,/boxscores/201310170crd.htm,7,54
0,2013,crd,8,/boxscores/201310270crd.htm,3,25
0,2013,crd,10,/boxscores/201311100crd.htm,1,6
0,2013,crd,11,/boxscores/201311170jax.htm,3,17
0,2013,crd,12,/boxscores/201311240crd.htm,3,24
0,2013,crd,13,/boxscores/201312010phi.htm,5,42
0,2013,crd,14,/boxscores/201312080crd.htm,1,7
0,2013,crd,15,/boxscores/201312150oti.htm,2,16
0,2013,crd,16,/boxscores/201312220sea.htm,2,10
0,2013,crd,17,/boxscores/201312290crd.htm,1,8
0,2012,crd,1,/boxscores/201209090crd.htm,1,5
0,2012,crd,2,/boxscores/201209160nwe.htm,2,0
0,2012,crd,3,/boxscores/201209230crd.htm,3,29
0,2012,crd,4,/boxscores/201209300crd.htm,8,55
0,2012,crd,5,/boxscores/201210040ram.htm,9,52
0,2012,crd,6,/boxscores/201210140crd.htm,5,23
0,2012,crd,7,/boxscores/201210210min.htm,7,32
0,2012,crd,8,/boxscores/201210290crd.htm,4,32
0,2012,crd,9,/boxscores/201211040gnb.htm,2,20
0,2012,crd,11,/boxscores/201211180atl.htm,3,29
0,2012,crd,12,/boxscores/201211250crd.htm,2,11
0,2012,crd,13,/boxscores/201212020nyj.htm,2,16
0,2012,crd,14,/boxscores/201212090sea.htm,3,22
0,2012,crd,15,/boxscores/201212160crd.htm,1,7
0,2012,crd,16,/boxscores/201212230crd.htm,4,27
0,2012,crd,17,/boxscores/201212300sfo.htm,2,18
0,2011,crd,1,/boxscores/201109110crd.htm,2,14
0,2011,crd,2,/boxscores/201109180was.htm,3,20
0,2011,crd,3,/boxscores/201109250sea.htm,3,18
0,2011,crd,4,/boxscores/201110020crd.htm,4,25
0,2011,crd,5,/boxscores/201110090min.htm,4,40
0,2011,crd,7,/boxscores/201110230crd.htm,2,15
0,2011,crd,8,/boxscores/201110300rav.htm,6,55
0,2011,crd,9,/boxscores/201111060crd.htm,3,30
0,2011,crd,10,/boxscores/201111130phi.htm,4,33
0,2011,crd,11,/boxscores/201111200sfo.htm,2,14
0,2011,crd,12,/boxscores/201111270ram.htm,3,8
0,2011,crd,13,/boxscores/201112040crd.htm,5,23
0,2011,crd,14,/boxscores/201112110crd.htm,2,14
0,2011,crd,15,/boxscores/201112180crd.htm,4,24
0,2011,crd,16,/boxscores/201112240cin.htm,5,40
0,2011,crd,17,/boxscores/201201010crd.htm,2,14
0,2010,crd,1,/boxscores/201009120ram.htm,2,31
0,2010,crd,2,/boxscores/201009190atl.htm,2,15
0,2010,crd,3,/boxscores/201009260crd.htm,2,14
0,2010,crd,4,/boxscores/201010030sdg.htm,9,59
0,2010,crd,5,/boxscores/201010100crd.htm,4,21
0,2010,crd,7,/boxscores/201010240sea.htm,2,18
0,2010,crd,8,/boxscores/201010310crd.htm,1,9
0,2010,crd,9,/boxscores/201011070min.htm,6,24
0,2010,crd,10,/boxscores/201011140crd.htm,5,36
0,2010,crd,11,/boxscores/201011210kan.htm,2,14
0,2010,crd,12,/boxscores/201011290crd.htm,1,6
0,2010,crd,13,/boxscores/201012050crd.htm,4,29
0,2010,crd,14,/boxscores/201012120crd.htm,0,0
0,2010,crd,15,/boxscores/201012190car.htm,3,21
0,2010,crd,16,/boxscores/201012250crd.htm,1,5
0,2010,crd,17,/boxscores/201101020sfo.htm,6,41
0,2009,crd,1,/boxscores/200909130crd.htm,3,29
0,2009,crd,2,/boxscores/200909200jax.htm,0,0
0,2009,crd,3,/boxscores/200909270crd.htm,4,40
0,2009,crd,5,/boxscores/200910110crd.htm,1,6
0,2009,crd,6,/boxscores/200910180sea.htm,2,10
0,2009,crd,7,/boxscores/200910250nyg.htm,2,15
0,2009,crd,8,/boxscores/200911010crd.htm,2,16
0,2009,crd,9,/boxscores/200911080chi.htm,1,5
0,2009,crd,10,/boxscores/200911150crd.htm,0,0
0,2009,crd,11,/boxscores/200911220ram.htm,2,16
0,2009,crd,12,/boxscores/200911290oti.htm,1,3
0,2009,crd,13,/boxscores/200912060crd.htm,0,0
0,2009,crd,14,/boxscores/200912140sfo.htm,4,18
0,2009,crd,15,/boxscores/200912200det.htm,2,10
0,2009,crd,16,/boxscores/200912270crd.htm,2,16
0,2009,crd,17,/boxscores/201001030crd.htm,0,0
0,2009,crd,Wild Card,/boxscores/201001100crd.htm,1,4
0,2009,crd,Division,/boxscores/201001160nor.htm,1,8
0,2008,crd,1,/boxscores/200809070sfo.htm,3,21
0,2008,crd,2,/boxscores/200809140crd.htm,2,12
0,2008,crd,3,/boxscores/200809210was.htm,2,13
0,2008,crd,4,/boxscores/200809280nyj.htm,5,46
0,2008,crd,5,/boxscores/200810050crd.htm,0,0
0,2008,crd,6,/boxscores/200810120crd.htm,1,10
0,2008,crd,8,/boxscores/200810260car.htm,2,16
0,2008,crd,9,/boxscores/200811020ram.htm,1,9
0,2008,crd,10,/boxscores/200811100crd.htm,0,0
0,2008,crd,11,/boxscores/200811160sea.htm,2,13
0,2008,crd,12,/boxscores/200811230crd.htm,1,3
0,2008,crd,13,/boxscores/200811270phi.htm,0,0
0,2008,crd,14,/boxscores/200812070crd.htm,1,7
0,2008,crd,15,/boxscores/200812140crd.htm,4,25
0,2008,crd,16,/boxscores/200812210nwe.htm,3,26
0,2008,crd,17,/boxscores/200812280crd.htm,1,0
0,2008,crd,Wild Card,/boxscores/200901030crd.htm,0,0
0,2008,crd,Division,/boxscores/200901100car.htm,1,5
0,2008,crd,Conf. Champ.,/boxscores/200901180crd.htm,2,12
0,2008,crd,SuperBowl,/boxscores/200902010crd.htm,2,3
0,2007,crd,1,/boxscores/200709100sfo.htm,1,2
0,2007,crd,2,/boxscores/200709160crd.htm,0,0
0,2007,crd,3,/boxscores/200709230rav.htm,1,8
0,2007,crd,4,/boxscores/200709300crd.htm,2,10
0,2007,crd,5,/boxscores/200710070ram.htm,1,9
0,2007,crd,6,/boxscores/200710140crd.htm,2,21
0,2007,crd,7,/boxscores/200710210was.htm,1,3
0,2007,crd,9,/boxscores/200711040tam.htm,0,0
0,2007,crd,10,/boxscores/200711110crd.htm,2,15
0,2007,crd,11,/boxscores/200711180cin.htm,3,14
0,2007,crd,12,/boxscores/200711250crd.htm,4,30
0,2007,crd,13,/boxscores/200712020crd.htm,0,0
0,2007,crd,14,/boxscores/200712090sea.htm,5,32
0,2007,crd,15,/boxscores/200712160nor.htm,2,19
0,2007,crd,16,/boxscores/200712230crd.htm,0,0
0,2007,crd,17,/boxscores/200712300crd.htm,0,0
0,2006,crd,1,/boxscores/200609100crd.htm,3,18
0,2006,crd,2,/boxscores/200609170sea.htm,5,40
0,2006,crd,3,/boxscores/200609240crd.htm,1,10
0,2006,crd,4,/boxscores/200610010atl.htm,4,21
0,2006,crd,5,/boxscores/200610080crd.htm,4,31
0,2006,crd,6,/boxscores/200610160crd.htm,1,12
0,2006,crd,7,/boxscores/200610220rai.htm,3,29
0,2006,crd,8,/boxscores/200610290gnb.htm,4,25
0,2006,crd,10,/boxscores/200611120crd.htm,1,7
0,2006,crd,11,/boxscores/200611190crd.htm,1,5
0,2006,crd,12,/boxscores/200611260min.htm,1,10
0,2006,crd,13,/boxscores/200612030ram.htm,1,7
0,2006,crd,14,/boxscores/200612100crd.htm,0,0
0,2006,crd,15,/boxscores/200612170crd.htm,3,19
0,2006,crd,16,/boxscores/200612240sfo.htm,2,18
0,2006,crd,17,/boxscores/200612310sdg.htm,1,10
0,2005,crd,1,/boxscores/200509110nyg.htm,3,29
0,2005,crd,2,/boxscores/200509180crd.htm,5,30
0,2005,crd,3,/boxscores/200509250sea.htm,3,26
0,2005,crd,4,/boxscores/200510020crd.htm,3,19
0,2005,crd,5,/boxscores/200510090crd.htm,1,2
0,2005,crd,7,/boxscores/200510230crd.htm,4,22
0,2005,crd,8,/boxscores/200510300dal.htm,3,19
0,2005,crd,9,/boxscores/200511060crd.htm,4,27
0,2005,crd,10,/boxscores/200511130det.htm,0,0
0,2005,crd,11,/boxscores/200511200ram.htm,1,7
0,2005,crd,12,/boxscores/200511270crd.htm,3,14
0,2005,crd,13,/boxscores/200512040sfo.htm,2,15
0,2005,crd,14,/boxscores/200512110crd.htm,2,15
0,2005,crd,15,/boxscores/200512180htx.htm,6,39
0,2005,crd,16,/boxscores/200512240crd.htm,2,9
0,2005,crd,17,/boxscores/200601010clt.htm,3,13
0,2004,crd,1,/boxscores/200409120ram.htm,2,24
0,2004,crd,2,/boxscores/200409190crd.htm,5,43
0,2004,crd,3,/boxscores/200409260atl.htm,6,59
0,2004,crd,4,/boxscores/200410030crd.htm,2,16
0,2004,crd,5,/boxscores/200410100sfo.htm,2,14
0,2004,crd,7,/boxscores/200410240crd.htm,3,23
0,2004,crd,8,/boxscores/200410310buf.htm,3,16
0,2004,crd,9,/boxscores/200411070mia.htm,1,13
0,2004,crd,10,/boxscores/200411140crd.htm,2,16
0,2004,crd,11,/boxscores/200411210car.htm,4,29
0,2004,crd,12,/boxscores/200411280crd.htm,1,7
0,2004,crd,13,/boxscores/200412050det.htm,1,8
0,2004,crd,14,/boxscores/200412120crd.htm,1,8
0,2004,crd,15,/boxscores/200412190crd.htm,2,16
0,2004,crd,16,/boxscores/200412260sea.htm,4,28
0,2004,crd,17,/boxscores/200501020crd.htm,0,0
0,2003,crd,1,/boxscores/200309070det.htm,2,19
0,2003,crd,2,/boxscores/200309140crd.htm,2,12
0,2003,crd,3,/boxscores/200309210crd.htm,0,0
0,2003,crd,4,/boxscores/200309280ram.htm,1,10
0,2003,crd,5,/boxscores/200310050dal.htm,3,2
0,2003,crd,6,/boxscores/200310120crd.htm,2,17
0,2003,crd,8,/boxscores/200310260crd.htm,1,4
0,2003,crd,9,/boxscores/200311020crd.htm,2,23
0,2003,crd,10,/boxscores/200311090pit.htm,5,24
0,2003,crd,11,/boxscores/200311160cle.htm,1,6
0,2003,crd,12,/boxscores/200311230crd.htm,0,0
0,2003,crd,13,/boxscores/200311300chi.htm,1,12
0,2003,crd,14,/boxscores/200312070sfo.htm,3,28
0,2003,crd,15,/boxscores/200312140crd.htm,5,26
0,2003,crd,16,/boxscores/200312210sea.htm,8,54
0,2003,crd,17,/boxscores/200312280crd.htm,8,69
0,2002,crd,1,/boxscores/200209080was.htm,1,0
0,2002,crd,2,/boxscores/200209150sea.htm,2,9
0,2002,crd,3,/boxscores/200209220crd.htm,3,29
0,2002,crd,4,/boxscores/200209290crd.htm,1,7
0,2002,crd,5,/boxscores/200210060car.htm,1,0
0,2002,crd,7,/boxscores/200210200crd.htm,1,4
0,2002,crd,8,/boxscores/200210270sfo.htm,3,17
0,2002,crd,9,/boxscores/200211030crd.htm,3,22
0,2002,crd,10,/boxscores/200211100crd.htm,0,0
0,2002,crd,11,/boxscores/200211170phi.htm,4,39
0,2002,crd,12,/boxscores/200211240crd.htm,2,14
0,2002,crd,13,/boxscores/200212010kan.htm,5,37
0,2002,crd,14,/boxscores/200212080crd.htm,6,48
0,2002,crd,15,/boxscores/200212150ram.htm,1,9
0,2002,crd,16,/boxscores/200212210crd.htm,5,33
0,2002,crd,17,/boxscores/200212290den.htm,3,30
0,2001,crd,2,/boxscores/200109230crd.htm,3,18
0,2001,crd,3,/boxscores/200109300crd.htm,4,31
0,2001,crd,4,/boxscores/200110070phi.htm,1,6
0,2001,crd,5,/boxscores/200110140chi.htm,1,10
0,2001,crd,6,/boxscores/200110210crd.htm,0,0
0,2001,crd,7,/boxscores/200110280dal.htm,2,16
0,2001,crd,8,/boxscores/200111040crd.htm,3,23
0,2001,crd,9,/boxscores/200111110crd.htm,2,37
0,2001,crd,10,/boxscores/200111180crd.htm,2,6
0,2001,crd,11,/boxscores/200111250sdg.htm,3,14
0,2001,crd,12,/boxscores/200112020rai.htm,1,4
0,2001,crd,13,/boxscores/200112090crd.htm,1,7
0,2001,crd,14,/boxscores/200112150nyg.htm,3,10
0,2001,crd,15,/boxscores/200112230crd.htm,1,10
0,2001,crd,16,/boxscores/200112300car.htm,0,0
0,2001,crd,17,/boxscores/200201060was.htm,2,12
0,2000,crd,1,/boxscores/200009030nyg.htm,1,6
0,2000,crd,2,/boxscores/200009100crd.htm,2,19
0,2000,crd,4,/boxscores/200009240crd.htm,1,8
0,2000,crd,5,/boxscores/200010010sfo.htm,0,0
0,2000,crd,6,/boxscores/200010080crd.htm,1,2
0,2000,crd,7,/boxscores/200010150crd.htm,1,6
0,2000,crd,8,/boxscores/200010220dal.htm,1,13
0,2000,crd,9,/boxscores/200010290crd.htm,3,20
0,2000,crd,10,/boxscores/200011050crd.htm,1,13
0,2000,crd,11,/boxscores/200011120min.htm,2,21
0,2000,crd,12,/boxscores/200011190phi.htm,8,35
0,2000,crd,13,/boxscores/200011260crd.htm,6,32
0,2000,crd,14,/boxscores/200012030cin.htm,1,10
0,2000,crd,15,/boxscores/200012100jax.htm,4,32
0,2000,crd,16,/boxscores/200012170crd.htm,2,8
0,2000,crd,17,/boxscores/200012240was.htm,1,3
0,1999,crd,1,/boxscores/199909120phi.htm,1,8
0,1999,crd,2,/boxscores/199909190mia.htm,2,18
0,1999,crd,3,/boxscores/199909270crd.htm,5,27
0,1999,crd,4,/boxscores/199910030dal.htm,1,4
0,1999,crd,5,/boxscores/199910100crd.htm,4,22
0,1999,crd,6,/boxscores/199910170crd.htm,2,9
0,1999,crd,8,/boxscores/199910310crd.htm,3,21
0,1999,crd,9,/boxscores/199911070nyj.htm,6,48
0,1999,crd,10,/boxscores/199911140crd.htm,3,25
0,1999,crd,11,/boxscores/199911210crd.htm,2,10
0,1999,crd,12,/boxscores/199911280nyg.htm,4,29
0,1999,crd,13,/boxscores/199912050crd.htm,1,6
0,1999,crd,14,/boxscores/199912120was.htm,5,27
0,1999,crd,15,/boxscores/199912190crd.htm,2,11
0,1999,crd,16,/boxscores/199912260atl.htm,1,5
0,1999,crd,17,/boxscores/200001020gnb.htm,3,12
0,1998,crd,1,/boxscores/199809060dal.htm,2,6
0,1998,crd,2,/boxscores/199809130sea.htm,7,41
0,1998,crd,3,/boxscores/199809200crd.htm,3,8
0,1998,crd,4,/boxscores/199809270ram.htm,1,8
0,1998,crd,5,/boxscores/199810040crd.htm,3,21
0,1998,crd,6,/boxscores/199810110crd.htm,1,7
0,1998,crd,7,/boxscores/199810180nyg.htm,8,38
0,1998,crd,9,/boxscores/199811010det.htm,4,26
0,1998,crd,10,/boxscores/199811080crd.htm,4,22
0,1998,crd,11,/boxscores/199811150crd.htm,3,17
0,1998,crd,12,/boxscores/199811220was.htm,1,3
0,1998,crd,13,/boxscores/199811290kan.htm,5,36
0,1998,crd,14,/boxscores/199812060crd.htm,2,10
0,1998,crd,15,/boxscores/199812130phi.htm,2,14
0,1998,crd,16,/boxscores/199812200crd.htm,0,0
0,1998,crd,17,/boxscores/199812270crd.htm,4,29
0,1998,crd,Wild Card,/boxscores/199901020dal.htm,0,0
0,1998,crd,Division,/boxscores/199901100min.htm,0,0
0,1997,crd,1,/boxscores/199708310cin.htm,0,0
0,1997,crd,2,/boxscores/199709070crd.htm,3,29
0,1997,crd,3,/boxscores/199709140was.htm,2,16
0,1997,crd,5,/boxscores/199709280tam.htm,6,45
0,1997,crd,6,/boxscores/199710050crd.htm,3,16
0,1997,crd,7,/boxscores/199710120crd.htm,5,54
0,1997,crd,8,/boxscores/199710190phi.htm,7,49
0,1997,crd,9,/boxscores/199710260crd.htm,6,38
0,1997,crd,10,/boxscores/199711020crd.htm,5,24
0,1997,crd,11,/boxscores/199711090dal.htm,9,49
0,1997,crd,12,/boxscores/199711160nyg.htm,8,38
0,1997,crd,13,/boxscores/199711230rav.htm,2,16
0,1997,crd,14,/boxscores/199711300crd.htm,10,53
0,1997,crd,15,/boxscores/199712070crd.htm,5,36
0,1997,crd,16,/boxscores/199712140nor.htm,5,26
0,1997,crd,17,/boxscores/199712210crd.htm,2,6
0,1996,crd,1,/boxscores/199609010clt.htm,2,11
0,1996,crd,2,/boxscores/199609080crd.htm,2,14
0,1996,crd,3,/boxscores/199609150nwe.htm,1,9
0,1996,crd,4,/boxscores/199609220nor.htm,1,0
0,1996,crd,5,/boxscores/199609290crd.htm,4,18
0,1996,crd,7,/boxscores/199610130dal.htm,3,21
0,1996,crd,8,/boxscores/199610200crd.htm,3,13
0,1996,crd,9,/boxscores/199610270crd.htm,1,9
0,1996,crd,10,/boxscores/199611030nyg.htm,2,9
0,1996,crd,11,/boxscores/199611100was.htm,2,15
0,1996,crd,12,/boxscores/199611170crd.htm,2,10
0,1996,crd,13,/boxscores/199611240crd.htm,3,27
0,1996,crd,14,/boxscores/199612010min.htm,3,25
0,1996,crd,15,/boxscores/199612080crd.htm,2,11
0,1996,crd,16,/boxscores/199612150crd.htm,1,11
0,1996,crd,17,/boxscores/199612220phi.htm,4,26
0,1995,crd,1,/boxscores/199509030was.htm,1,4
0,1995,crd,2,/boxscores/199509100crd.htm,1,8
0,1995,crd,3,/boxscores/199509170det.htm,7,49
0,1995,crd,4,/boxscores/199509240dal.htm,3,28
0,1995,crd,5,/boxscores/199510010crd.htm,7,68
0,1995,crd,6,/boxscores/199510080nyg.htm,2,14
0,1995,crd,7,/boxscores/199510150crd.htm,2,9
0,1995,crd,9,/boxscores/199510290crd.htm,1,10
0,1995,crd,10,/boxscores/199511050den.htm,6,42
0,1995,crd,11,/boxscores/199511120crd.htm,3,27
0,1995,crd,12,/boxscores/199511190car.htm,6,44
0,1995,crd,13,/boxscores/199511260crd.htm,3,21
0,1995,crd,14,/boxscores/199511300crd.htm,2,4
0,1995,crd,15,/boxscores/199512090sdg.htm,5,33
0,1995,crd,16,/boxscores/199512170phi.htm,3,22
0,1995,crd,17,/boxscores/199512250crd.htm,3,7
0,1994,crd,1,/boxscores/199409040ram.htm,4,30
0,1994,crd,2,/boxscores/199409110crd.htm,3,23
0,1994,crd,3,/boxscores/199409180cle.htm,2,14
0,1994,crd,5,/boxscores/199410020crd.htm,2,21
0,1994,crd,6,/boxscores/199410090dal.htm,1,1
0,1994,crd,7,/boxscores/199410160was.htm,3,21
0,1994,crd,8,/boxscores/199410230crd.htm,1,5
0,1994,crd,9,/boxscores/199410300crd.htm,2,15
0,1994,crd,10,/boxscores/199411060phi.htm,5,38
0,1994,crd,11,/boxscores/199411130nyg.htm,2,7
0,1994,crd,12,/boxscores/199411200crd.htm,1,9
0,1994,crd,13,/boxscores/199411270crd.htm,2,15
0,1994,crd,14,/boxscores/199412040oti.htm,1,5
0,1994,crd,15,/boxscores/199412110crd.htm,3,22
0,1994,crd,16,/boxscores/199412180crd.htm,1,7
0,1994,crd,17,/boxscores/199412240atl.htm,1,4
0,1993,crd,1,/boxscores/199309050phi.htm,1,6
0,1993,crd,2,/boxscores/199309120was.htm,1,13
0,1993,crd,3,/boxscores/199309190crd.htm,2,13
0,1993,crd,4,/boxscores/199309260det.htm,4,24
0,1993,crd,6,/boxscores/199310100crd.htm,2,9
0,1993,crd,7,/boxscores/199310170crd.htm,3,26
0,1993,crd,8,/boxscores/199310240sfo.htm,1,12
0,1993,crd,9,/boxscores/199310310crd.htm,6,38
0,1993,crd,10,/boxscores/199311070crd.htm,1,5
0,1993,crd,11,/boxscores/199311140dal.htm,0,0
0,1993,crd,13,/boxscores/199311280nyg.htm,3,17
0,1993,crd,14,/boxscores/199312050crd.htm,1,5
0,1993,crd,15,/boxscores/199312120crd.htm,4,28
0,1993,crd,16,/boxscores/199312190sea.htm,3,26
0,1993,crd,17,/boxscores/199312260crd.htm,1,9
0,1993,crd,18,/boxscores/199401020atl.htm,0,0
0,1992,crd,1,/boxscores/199209060tam.htm,2,17
0,1992,crd,2,/boxscores/199209130crd.htm,6,45
0,1992,crd,3,/boxscores/199209200dal.htm,2,12
0,1992,crd,5,/boxscores/199210040crd.htm,5,33
0,1992,crd,6,/boxscores/199210110nyg.htm,2,16
0,1992,crd,7,/boxscores/199210180crd.htm,2,24
0,1992,crd,8,/boxscores/199210250phi.htm,1,5
0,1992,crd,9,/boxscores/199211010crd.htm,0,0
0,1992,crd,10,/boxscores/199211080ram.htm,1,8
0,1992,crd,11,/boxscores/199211150atl.htm,2,22
0,1992,crd,12,/boxscores/199211220crd.htm,2,15
0,1992,crd,13,/boxscores/199211290was.htm,2,7
0,1992,crd,14,/boxscores/199212060crd.htm,6,24
0,1992,crd,15,/boxscores/199212120crd.htm,2,29
0,1992,crd,16,/boxscores/199212200clt.htm,0,0
0,1992,crd,17,/boxscores/199212270crd.htm,1,1
0,1991,crd,1,/boxscores/199109010ram.htm,0,0
0,1991,crd,2,/boxscores/199109080phi.htm,1,1
0,1991,crd,3,/boxscores/199109150was.htm,4,33
0,1991,crd,4,/boxscores/199109220crd.htm,3,22
0,1991,crd,5,/boxscores/199109290crd.htm,1,12
0,1991,crd,6,/boxscores/199110060nyg.htm,2,16
0,1991,crd,7,/boxscores/199110130min.htm,5,36
0,1991,crd,8,/boxscores/199110200crd.htm,4,41
0,1991,crd,9,/boxscores/199110270crd.htm,4,30
0,1991,crd,10,/boxscores/199111030dal.htm,0,0
0,1991,crd,11,/boxscores/199111100crd.htm,4,43
0,1991,crd,12,/boxscores/199111170sfo.htm,4,44
0,1991,crd,13,/boxscores/199111240crd.htm,3,25
0,1991,crd,15,/boxscores/199112080crd.htm,1,11
0,1991,crd,16,/boxscores/199112150den.htm,5,36
0,1991,crd,17,/boxscores/199112220crd.htm,2,22
0,1990,crd,1,/boxscores/199009090was.htm,3,22
0,1990,crd,2,/boxscores/199009160phi.htm,6,27
0,1990,crd,3,/boxscores/199009230nor.htm,1,5
0,1990,crd,4,/boxscores/199009300crd.htm,2,11
0,1990,crd,6,/boxscores/199010140crd.htm,0,0
0,1990,crd,7,/boxscores/199010210nyg.htm,2,6
0,1990,crd,8,/boxscores/199010280crd.htm,4,33
0,1990,crd,9,/boxscores/199011040mia.htm,5,41
0,1990,crd,10,/boxscores/199011110buf.htm,4,28
0,1990,crd,11,/boxscores/199011180crd.htm,1,5
0,1990,crd,12,/boxscores/199011250crd.htm,4,26
0,1990,crd,13,/boxscores/199012020crd.htm,2,20
0,1990,crd,14,/boxscores/199012090atl.htm,1,11
0,1990,crd,15,/boxscores/199012160dal.htm,0,0
0,1990,crd,16,/boxscores/199012230crd.htm,3,13
0,1990,crd,17,/boxscores/199012290crd.htm,5,37
0,1989,crd,1,/boxscores/198909100det.htm,0,0
0,1989,crd,2,/boxscores/198909170sea.htm,0,0
0,1989,crd,3,/boxscores/198909240nyg.htm,5,39
0,1989,crd,4,/boxscores/198910010crd.htm,4,29
0,1989,crd,5,/boxscores/198910080was.htm,1,5
0,1989,crd,6,/boxscores/198910150crd.htm,6,43
0,1989,crd,7,/boxscores/198910220crd.htm,2,7
0,1989,crd,8,/boxscores/198910290dal.htm,4,22
0,1989,crd,9,/boxscores/198911050crd.htm,7,46
0,1989,crd,10,/boxscores/198911120crd.htm,3,20
0,1989,crd,11,/boxscores/198911190ram.htm,5,27
0,1989,crd,12,/boxscores/198911260crd.htm,2,13
0,1989,crd,13,/boxscores/198912030crd.htm,2,21
0,1989,crd,14,/boxscores/198912100rai.htm,5,34
0,1989,crd,15,/boxscores/198912160crd.htm,6,41
0,1989,crd,16,/boxscores/198912240phi.htm,4,32
0,1988,crd,1,/boxscores/198809040cin.htm,2,20
0,1988,crd,2,/boxscores/198809120crd.htm,4,29
0,1988,crd,3,/boxscores/198809180tam.htm,1,3
0,1988,crd,4,/boxscores/198809250crd.htm,3,21
0,1988,crd,5,/boxscores/198810020ram.htm,2,10
0,1988,crd,6,/boxscores/198810090crd.htm,4,22
0,1988,crd,7,/boxscores/198810160was.htm,5,27
0,1988,crd,8,/boxscores/198810230crd.htm,6,36
0,1988,crd,9,/boxscores/198810300dal.htm,4,40
0,1988,crd,10,/boxscores/198811060crd.htm,7,35
0,1988,crd,11,/boxscores/198811130crd.htm,2,21
0,1988,crd,12,/boxscores/198811200oti.htm,5,32
0,1988,crd,13,/boxscores/198811270phi.htm,4,26
0,1988,crd,14,/boxscores/198812040nyg.htm,4,33
0,1988,crd,15,/boxscores/198812100crd.htm,4,31
0,1988,crd,16,/boxscores/198812180crd.htm,3,25
0,1987,crd,1,/boxscores/198709130crd.htm,3,18
0,1987,crd,2,/boxscores/198709200sdg.htm,5,45
0,1987,crd,4,/boxscores/198710040was.htm,4,27
0,1987,crd,5,/boxscores/198710110crd.htm,1,7
0,1987,crd,6,/boxscores/198710180sfo.htm,1,13
0,1987,crd,7,/boxscores/198710250nyg.htm,5,23
0,1987,crd,8,/boxscores/198711010crd.htm,7,56
0,1987,crd,9,/boxscores/198711080crd.htm,4,36
0,1987,crd,10,/boxscores/198711150crd.htm,3,29
0,1987,crd,11,/boxscores/198711220phi.htm,5,31
0,1987,crd,12,/boxscores/198711290atl.htm,1,6
0,1987,crd,13,/boxscores/198712060crd.htm,5,46
0,1987,crd,14,/boxscores/198712130crd.htm,4,26
0,1987,crd,15,/boxscores/198712200tam.htm,3,16
0,1987,crd,16,/boxscores/198712270dal.htm,3,18
0,1986,crd,1,/boxscores/198609070crd.htm,5,45
0,1986,crd,2,/boxscores/198609140atl.htm,2,9
0,1986,crd,3,/boxscores/198609210buf.htm,1,4
0,1986,crd,4,/boxscores/198609290crd.htm,2,20
0,1986,crd,5,/boxscores/198610050crd.htm,7,48
0,1986,crd,6,/boxscores/198610120tam.htm,2,15
0,1986,crd,7,/boxscores/198610190was.htm,5,36
0,1986,crd,8,/boxscores/198610260dal.htm,3,20
0,1986,crd,9,/boxscores/198611020crd.htm,5,33
0,1986,crd,10,/boxscores/198611090sfo.htm,1,7
0,1986,crd,11,/boxscores/198611160crd.htm,3,18
0,1986,crd,12,/boxscores/198611230crd.htm,3,23
0,1986,crd,13,/boxscores/198611300crd.htm,5,36
0,1986,crd,14,/boxscores/198612070phi.htm,4,34
0,1986,crd,15,/boxscores/198612140nyg.htm,9,68
0,1986,crd,16,/boxscores/198612210crd.htm,2,8
0,1985,crd,1,/boxscores/198509080cle.htm,3,17
0,1985,crd,2,/boxscores/198509150crd.htm,2,13
0,1985,crd,3,/boxscores/198509220nyg.htm,4,28
0,1985,crd,4,/boxscores/198509290crd.htm,3,27
0,1985,crd,5,/boxscores/198510070was.htm,4,28
0,1985,crd,6,/boxscores/198510130phi.htm,4,32
0,1985,crd,7,/boxscores/198510200pit.htm,6,49
0,1985,crd,8,/boxscores/198510270crd.htm,5,34
0,1985,crd,9,/boxscores/198511040crd.htm,3,24
0,1985,crd,10,/boxscores/198511100tam.htm,2,13
0,1985,crd,11,/boxscores/198511170crd.htm,7,47
0,1985,crd,12,/boxscores/198511240crd.htm,8,57
0,1985,crd,13,/boxscores/198511280dal.htm,5,38
0,1985,crd,14,/boxscores/198512080crd.htm,1,0
0,1985,crd,15,/boxscores/198512150ram.htm,4,34
0,1985,crd,16,/boxscores/198512210crd.htm,4,28
0,1984,crd,1,/boxscores/198409020gnb.htm,2,10
0,1984,crd,2,/boxscores/198409090crd.htm,0,0
0,1984,crd,3,/boxscores/198409160clt.htm,1,5
0,1984,crd,4,/boxscores/198409230nor.htm,5,45
0,1984,crd,5,/boxscores/198409300crd.htm,0,0
0,1984,crd,6,/boxscores/198410070dal.htm,4,29
0,1984,crd,7,/boxscores/198410140crd.htm,5,41
0,1984,crd,8,/boxscores/198410210crd.htm,3,25
0,1984,crd,9,/boxscores/198410280phi.htm,2,15
0,1984,crd,10,/boxscores/198411040crd.htm,6,48
0,1984,crd,11,/boxscores/198411110crd.htm,5,31
0,1984,crd,12,/boxscores/198411180nyg.htm,2,27
0,1984,crd,13,/boxscores/198411250crd.htm,5,41
0,1984,crd,14,/boxscores/198412020nwe.htm,1,7
0,1984,crd,15,/boxscores/198412090crd.htm,5,29
0,1984,crd,16,/boxscores/198412160was.htm,3,24
0,1983,crd,1,/boxscores/198309040nor.htm,4,27
0,1983,crd,2,/boxscores/198309110crd.htm,5,46
0,1983,crd,3,/boxscores/198309180crd.htm,3,22
0,1983,crd,4,/boxscores/198309250phi.htm,5,34
0,1983,crd,5,/boxscores/198310020kan.htm,3,27
0,1983,crd,6,/boxscores/198310090crd.htm,3,24
0,1983,crd,7,/boxscores/198310160tam.htm,3,23
0,1983,crd,8,/boxscores/198310240crd.htm,3,20
0,1983,crd,9,/boxscores/198310300crd.htm,1,7
0,1983,crd,10,/boxscores/198311060was.htm,5,24
0,1983,crd,11,/boxscores/198311130crd.htm,3,22
0,1983,crd,12,/boxscores/198311200crd.htm,4,42
0,1983,crd,13,/boxscores/198311240dal.htm,7,41
0,1983,crd,14,/boxscores/198312040nyg.htm,5,41
0,1983,crd,15,/boxscores/198312110rai.htm,1,10
0,1983,crd,16,/boxscores/198312180crd.htm,4,31
0,1982,crd,1,/boxscores/198209120nor.htm,6,38
0,1982,crd,2,/boxscores/198209190crd.htm,5,42
0,1982,crd,11,/boxscores/198211210crd.htm,1,8
0,1982,crd,12,/boxscores/198211280atl.htm,1,13
0,1982,crd,13,/boxscores/198212050phi.htm,4,29
0,1982,crd,14,/boxscores/198212120crd.htm,3,26
0,1982,crd,15,/boxscores/198212190chi.htm,3,17
0,1982,crd,16,/boxscores/198212260crd.htm,4,26
0,1982,crd,17,/boxscores/198301020was.htm,5,44
0,1982,crd,Wild Card,/boxscores/198301080gnb.htm,5,38
0,1981,crd,1,/boxscores/198109060crd.htm,4,34
0,1981,crd,2,/boxscores/198109130dal.htm,4,33
0,1981,crd,3,/boxscores/198109200crd.htm,2,18
0,1981,crd,4,/boxscores/198109270tam.htm,2,20
0,1981,crd,5,/boxscores/198110040crd.htm,3,15
0,1981,crd,6,/boxscores/198110110nyg.htm,4,37
0,1981,crd,7,/boxscores/198110180atl.htm,0,0
0,1981,crd,8,/boxscores/198110250crd.htm,1,9
0,1981,crd,9,/boxscores/198111010was.htm,3,15
0,1981,crd,10,/boxscores/198111080crd.htm,5,41
0,1981,crd,11,/boxscores/198111150crd.htm,2,22
0,1981,crd,12,/boxscores/198111220clt.htm,1,8
0,1981,crd,13,/boxscores/198111290nwe.htm,3,25
0,1981,crd,14,/boxscores/198112060crd.htm,4,38
0,1981,crd,15,/boxscores/198112130crd.htm,3,33
0,1981,crd,16,/boxscores/198112200phi.htm,7,57
0,1980,crd,1,/boxscores/198009070crd.htm,4,35
0,1980,crd,2,/boxscores/198009140sfo.htm,2,9
0,1980,crd,3,/boxscores/198009210det.htm,5,33
0,1980,crd,4,/boxscores/198009280crd.htm,0,0
0,1980,crd,5,/boxscores/198010050nor.htm,1,10
0,1980,crd,6,/boxscores/198010120crd.htm,5,43
0,1980,crd,7,/boxscores/198010190was.htm,6,53
0,1980,crd,8,/boxscores/198010260clt.htm,2,19
0,1980,crd,9,/boxscores/198011020crd.htm,6,41
0,1980,crd,10,/boxscores/198011090crd.htm,2,15
0,1980,crd,11,/boxscores/198011160dal.htm,3,21
0,1980,crd,12,/boxscores/198011230crd.htm,3,17
0,1980,crd,13,/boxscores/198011300nyg.htm,0,0
0,1980,crd,14,/boxscores/198012070crd.htm,0,0
0,1980,crd,15,/boxscores/198012140phi.htm,2,11
0,1980,crd,16,/boxscores/198012210crd.htm,9,80
0,1979,crd,1,/boxscores/197909020crd.htm,1,7
0,1979,crd,2,/boxscores/197909090nyg.htm,1,3
0,1979,crd,3,/boxscores/197909160crd.htm,3,26
0,1979,crd,4,/boxscores/197909230crd.htm,3,25
0,1979,crd,5,/boxscores/197909300ram.htm,1,6
0,1979,crd,6,/boxscores/197910070oti.htm,3,16
0,1979,crd,7,/boxscores/197910140crd.htm,0,0
0,1979,crd,8,/boxscores/197910210dal.htm,7,58
0,1979,crd,9,/boxscores/197910280crd.htm,2,13
0,1979,crd,10,/boxscores/197911040crd.htm,0,0
0,1979,crd,11,/boxscores/197911110was.htm,1,9
0,1979,crd,12,/boxscores/197911180phi.htm,2,14
0,1979,crd,13,/boxscores/197911250cin.htm,2,12
0,1979,crd,14,/boxscores/197912020crd.htm,3,16
0,1979,crd,15,/boxscores/197912090crd.htm,1,9
0,1979,crd,16,/boxscores/197912160chi.htm,9,54
0,1978,crd,1,/boxscores/197809030chi.htm,2,15
0,1978,crd,2,/boxscores/197809100crd.htm,2,14
0,1978,crd,3,/boxscores/197809170crd.htm,2,21
0,1978,crd,4,/boxscores/197809240dal.htm,1,9
0,1978,crd,5,/boxscores/197810010mia.htm,0,0
0,1978,crd,6,/boxscores/197810080crd.htm,4,32
0,1978,crd,7,/boxscores/197810150crd.htm,3,28
0,1978,crd,8,/boxscores/197810220nyj.htm,2,20
0,1978,crd,9,/boxscores/197810290phi.htm,0,0
0,1978,crd,10,/boxscores/197811050crd.htm,1,6
0,1978,crd,11,/boxscores/197811120sfo.htm,0,0
0,1978,crd,12,/boxscores/197811190was.htm,1,12
0,1978,crd,13,/boxscores/197811260crd.htm,1,5
0,1978,crd,14,/boxscores/197812030crd.htm,1,10
0,1978,crd,15,/boxscores/197812100nyg.htm,0,0
0,1978,crd,16,/boxscores/197812170crd.htm,2,14
0,1977,crd,1,/boxscores/197709180den.htm,2,18
0,1977,crd,2,/boxscores/197709250crd.htm,0,0
0,1977,crd,3,/boxscores/197710020was.htm,2,15
0,1977,crd,4,/boxscores/197710090crd.htm,2,21
0,1977,crd,5,/boxscores/197710160phi.htm,0,0
0,1977,crd,6,/boxscores/197710230crd.htm,0,0
0,1977,crd,7,/boxscores/197710310crd.htm,1,0
0,1977,crd,8,/boxscores/197711060min.htm,0,0
0,1977,crd,9,/boxscores/197711140dal.htm,1,4
0,1977,crd,10,/boxscores/197711200crd.htm,2,14
0,1977,crd,11,/boxscores/197711240crd.htm,2,14
0,1977,crd,12,/boxscores/197712040nyg.htm,0,0
0,1977,crd,13,/boxscores/197712100crd.htm,3,23
0,1977,crd,14,/boxscores/197712180tam.htm,0,0
0,1976,crd,1,/boxscores/197609120sea.htm,2,5
0,1976,crd,2,/boxscores/197609190crd.htm,1,4
0,1976,crd,3,/boxscores/197609260sdg.htm,0,0
0,1976,crd,4,/boxscores/197610030crd.htm,0,0
0,1976,crd,5,/boxscores/197610100crd.htm,1,5
0,1976,crd,6,/boxscores/197610170crd.htm,0,0
0,1976,crd,7,/boxscores/197610250was.htm,1,9
0,1976,crd,8,/boxscores/197610310crd.htm,4,46
0,1976,crd,9,/boxscores/197611070phi.htm,1,7
0,1976,crd,10,/boxscores/197611140ram.htm,0,0
0,1976,crd,11,/boxscores/197611210crd.htm,4,26
0,1976,crd,12,/boxscores/197611250dal.htm,1,10
0,1976,crd,13,/boxscores/197612040crd.htm,1,8
0,1976,crd,14,/boxscores/197612120nyg.htm,1,12
0,1975,crd,1,/boxscores/197509210crd.htm,0,0
0,1975,crd,2,/boxscores/197509280dal.htm,0,0
0,1975,crd,3,/boxscores/197510050crd.htm,0,0
0,1975,crd,4,/boxscores/197510130was.htm,0,0
0,1975,crd,5,/boxscores/197510190crd.htm,0,0
0,1975,crd,6,/boxscores/197510250nyg.htm,2,17
0,1975,crd,7,/boxscores/197511020crd.htm,0,0
0,1975,crd,8,/boxscores/197511090phi.htm,0,0
0,1975,crd,9,/boxscores/197511160crd.htm,2,18
0,1975,crd,10,/boxscores/197511230nyj.htm,2,20
0,1975,crd,11,/boxscores/197511270crd.htm,2,11
0,1975,crd,12,/boxscores/197512070crd.htm,0,0
0,1975,crd,13,/boxscores/197512140chi.htm,0,0
0,1975,crd,14,/boxscores/197512210det.htm,0,0
0,1975,crd,Division,/boxscores/197512270ram.htm,2,23
0,1974,crd,1,/boxscores/197409150crd.htm,0,0
0,1974,crd,2,/boxscores/197409220was.htm,1,7
0,1974,crd,3,/boxscores/197409290crd.htm,0,0
0,1974,crd,4,/boxscores/197410060sfo.htm,0,0
0,1974,crd,5,/boxscores/197410130crd.htm,0,0
0,1974,crd,6,/boxscores/197410200oti.htm,0,0
0,1974,crd,7,/boxscores/197410270crd.htm,1,10
0,1974,crd,8,/boxscores/197411030dal.htm,3,34
0,1974,crd,9,/boxscores/197411110crd.htm,2,12
0,1974,crd,10,/boxscores/197411170phi.htm,1,8
0,1974,crd,11,/boxscores/197411240nyg.htm,0,0
0,1974,crd,12,/boxscores/197412010crd.htm,2,24
0,1974,crd,13,/boxscores/197412080nor.htm,4,31
0,1974,crd,14,/boxscores/197412150crd.htm,2,8
0,1974,crd,Division,/boxscores/197412210min.htm,2,16
0,1973,crd,1,/boxscores/197309160phi.htm,1,8
0,1973,crd,2,/boxscores/197309230crd.htm,1,8
0,1973,crd,3,/boxscores/197309300dal.htm,1,8
0,1973,crd,4,/boxscores/197310070crd.htm,5,41
0,1973,crd,5,/boxscores/197310140crd.htm,2,9
0,1973,crd,6,/boxscores/197310210was.htm,5,37
0,1973,crd,7,/boxscores/197310280crd.htm,2,15
0,1973,crd,8,/boxscores/197311040crd.htm,2,16
0,1973,crd,9,/boxscores/197311110gnb.htm,1,11
0,1973,crd,10,/boxscores/197311180nyg.htm,1,14
0,1973,crd,11,/boxscores/197311250cin.htm,2,15
0,1973,crd,12,/boxscores/197312020crd.htm,1,3
0,1973,crd,13,/boxscores/197312090atl.htm,0,0
0,1973,crd,14,/boxscores/197312160crd.htm,3,24
0,1972,crd,1,/boxscores/197209170clt.htm,2,22
0,1972,crd,2,/boxscores/197209240was.htm,5,39
0,1972,crd,3,/boxscores/197210010crd.htm,2,9
0,1972,crd,4,/boxscores/197210080min.htm,0,0
0,1972,crd,5,/boxscores/197210150crd.htm,1,9
0,1972,crd,6,/boxscores/197210220nyg.htm,4,29
0,1972,crd,7,/boxscores/197210290crd.htm,2,14
0,1972,crd,8,/boxscores/197211050phi.htm,3,24
0,1972,crd,9,/boxscores/197211120dal.htm,1,8
0,1972,crd,10,/boxscores/197211190crd.htm,3,14
0,1972,crd,11,/boxscores/197211270mia.htm,3,19
0,1972,crd,12,/boxscores/197212030crd.htm,2,15
0,1972,crd,13,/boxscores/197212100crd.htm,1,9
0,1972,crd,14,/boxscores/197212170crd.htm,1,10
0,1971,crd,1,/boxscores/197109190crd.htm,0,0
0,1971,crd,2,/boxscores/197109270crd.htm,0,0
0,1971,crd,3,/boxscores/197110030crd.htm,1,10
0,1971,crd,4,/boxscores/197110100atl.htm,1,9
0,1971,crd,5,/boxscores/197110170was.htm,0,0
0,1971,crd,6,/boxscores/197110240crd.htm,5,36
0,1971,crd,7,/boxscores/197110310buf.htm,1,8
0,1971,crd,8,/boxscores/197111070crd.htm,4,35
0,1971,crd,9,/boxscores/197111150sdg.htm,0,0
0,1971,crd,10,/boxscores/197111210crd.htm,3,46
0,1971,crd,11,/boxscores/197111280nyg.htm,0,0
0,1971,crd,12,/boxscores/197112050crd.htm,1,11
0,1971,crd,13,/boxscores/197112120phi.htm,1,14
0,1971,crd,14,/boxscores/197112180dal.htm,2,16
0,1970,crd,1,/boxscores/197009180ram.htm,6,54
0,1970,crd,2,/boxscores/197009270crd.htm,0,0
0,1970,crd,3,/boxscores/197010040crd.htm,1,10
0,1970,crd,4,/boxscores/197010110crd.htm,2,19
0,1970,crd,5,/boxscores/197010180phi.htm,3,23
0,1970,crd,6,/boxscores/197010250nyg.htm,1,6
0,1970,crd,7,/boxscores/197011010crd.htm,1,7
0,1970,crd,8,/boxscores/197011080crd.htm,0,0
0,1970,crd,9,/boxscores/197011160dal.htm,1,14
0,1970,crd,10,/boxscores/197011220kan.htm,0,0
0,1970,crd,11,/boxscores/197011290crd.htm,3,29
0,1970,crd,12,/boxscores/197012060det.htm,2,18
0,1970,crd,13,/boxscores/197012130crd.htm,3,18
0,1970,crd,14,/boxscores/197012200was.htm,3,18
0,1969,crd,1,/boxscores/196909210dal.htm,2,17
0,1969,crd,2,/boxscores/196909280crd.htm,1,12
0,1969,crd,3,/boxscores/196910050pit.htm,2,19
0,1969,crd,4,/boxscores/196910120was.htm,1,11
0,1969,crd,5,/boxscores/196910190crd.htm,1,6
0,1969,crd,6,/boxscores/196910260cle.htm,0,0
0,1969,crd,7,/boxscores/196911020crd.htm,0,0
0,1969,crd,8,/boxscores/196911090crd.htm,0,0
0,1969,crd,9,/boxscores/196911160det.htm,4,34
0,1969,crd,10,/boxscores/196911230crd.htm,0,0
0,1969,crd,11,/boxscores/196911300crd.htm,2,21
0,1969,crd,12,/boxscores/196912070nyg.htm,4,44
0,1969,crd,13,/boxscores/196912140crd.htm,1,14
0,1969,crd,14,/boxscores/196912210gnb.htm,3,23
0,1968,crd,1,/boxscores/196809160crd.htm,5,42
0,1968,crd,2,/boxscores/196809220sfo.htm,4,36
0,1968,crd,3,/boxscores/196809290nor.htm,4,40
0,1968,crd,4,/boxscores/196810060crd.htm,2,17
0,1968,crd,5,/boxscores/196810130cle.htm,1,5
0,1968,crd,6,/boxscores/196810200crd.htm,0,0
0,1968,crd,7,/boxscores/196810270crd.htm,0,0
0,1968,crd,8,/boxscores/196811030phi.htm,0,0
0,1968,crd,9,/boxscores/196811100crd.htm,2,16
0,1968,crd,10,/boxscores/196811170clt.htm,2,19
0,1968,crd,11,/boxscores/196811240crd.htm,1,9
0,1968,crd,12,/boxscores/196812010pit.htm,2,18
0,1968,crd,13,/boxscores/196812080nyg.htm,0,0
0,1968,crd,14,/boxscores/196812140crd.htm,0,0
0,1967,crd,1,/boxscores/196709170crd.htm,1,13
0,1967,crd,2,/boxscores/196709240pit.htm,0,0
0,1967,crd,3,/boxscores/196710010crd.htm,0,0
0,1967,crd,4,/boxscores/196710080min.htm,0,0
0,1967,crd,5,/boxscores/196710150cle.htm,1,11
0,1967,crd,6,/boxscores/196710220crd.htm,0,0
0,1967,crd,7,/boxscores/196710300crd.htm,3,28
0,1967,crd,8,/boxscores/196711050was.htm,2,16
0,1967,crd,9,/boxscores/196711120crd.htm,5,48
0,1967,crd,10,/boxscores/196711190chi.htm,1,10
0,1967,crd,11,/boxscores/196711230dal.htm,5,50
0,1967,crd,12,/boxscores/196712030crd.htm,1,13
0,1967,crd,13,/boxscores/196712100crd.htm,1,8
0,1967,crd,14,/boxscores/196712170nyg.htm,4,32
0,1966,crd,1,/boxscores/196609110crd.htm,4,33
0,1966,crd,2,/boxscores/196609180crd.htm,3,21
0,1966,crd,3,/boxscores/196609250cle.htm,1,12
0,1966,crd,4,/boxscores/196610020phi.htm,4,32
0,1966,crd,5,/boxscores/196610090crd.htm,1,2
0,1966,crd,6,/boxscores/196610160crd.htm,2,28
0,1966,crd,7,/boxscores/196610230was.htm,2,31
0,1966,crd,8,/boxscores/196610310crd.htm,0,0
0,1966,crd,9,/boxscores/196611060nyg.htm,1,11
0,1966,crd,10,/boxscores/196611130pit.htm,3,37
0,1966,crd,12,/boxscores/196611270crd.htm,4,34
0,1966,crd,13,/boxscores/196612040dal.htm,5,39
0,1966,crd,14,/boxscores/196612110atl.htm,2,16
0,1966,crd,15,/boxscores/196612170crd.htm,6,56
0,1965,crd,1,/boxscores/196509190phi.htm,6,58
0,1965,crd,2,/boxscores/196509260cle.htm,1,9
0,1965,crd,3,/boxscores/196510040crd.htm,0,0
0,1965,crd,4,/boxscores/196510100was.htm,1,8
0,1965,crd,5,/boxscores/196510170pit.htm,2,19
0,1965,crd,6,/boxscores/196510240crd.htm,2,27
0,1965,crd,7,/boxscores/196510310nyg.htm,0,0
0,1965,crd,8,/boxscores/196511070crd.htm,3,32
0,1965,crd,9,/boxscores/196511140chi.htm,4,32
0,1965,crd,10,/boxscores/196511210crd.htm,5,38
0,1965,crd,11,/boxscores/196511280crd.htm,0,0
0,1965,crd,12,/boxscores/196512050crd.htm,3,26
0,1965,crd,13,/boxscores/196512110dal.htm,1,7
0,1965,crd,14,/boxscores/196512190crd.htm,2,23
0,1964,crd,1,/boxscores/196409120dal.htm,2,21
0,1964,crd,2,/boxscores/196409200cle.htm,2,11
0,1964,crd,3,/boxscores/196409270sfo.htm,4,23
0,1964,crd,4,/boxscores/196410040was.htm,1,2
0,1964,crd,5,/boxscores/196410120crd.htm,2,15
0,1964,crd,6,/boxscores/196410180crd.htm,5,50
0,1964,crd,7,/boxscores/196410250crd.htm,2,21
0,1964,crd,8,/boxscores/196411010nyg.htm,11,96
0,1964,crd,9,/boxscores/196411080crd.htm,1,10
0,1964,crd,10,/boxscores/196411150crd.htm,1,6
0,1964,crd,11,/boxscores/196411220phi.htm,1,9
0,1964,crd,12,/boxscores/196411290pit.htm,1,15
0,1964,crd,13,/boxscores/196412060crd.htm,2,8
0,1964,crd,14,/boxscores/196412130crd.htm,2,11
0,1963,crd,1,/boxscores/196309140dal.htm,0,0
0,1963,crd,2,/boxscores/196309220phi.htm,1,10
0,1963,crd,3,/boxscores/196309290pit.htm,4,32
0,1963,crd,4,/boxscores/196310060min.htm,7,63
0,1963,crd,5,/boxscores/196310130crd.htm,3,30
0,1963,crd,6,/boxscores/196310200crd.htm,3,25
0,1963,crd,7,/boxscores/196310270was.htm,2,14
0,1963,crd,8,/boxscores/196311030crd.htm,6,52
0,1963,crd,9,/boxscores/196311100crd.htm,1,10
0,1963,crd,10,/boxscores/196311170cle.htm,1,7
0,1963,crd,11,/boxscores/196311240nyg.htm,6,55
0,1963,crd,12,/boxscores/196312010crd.htm,4,39
0,1963,crd,13,/boxscores/196312080crd.htm,2,17
0,1963,crd,14,/boxscores/196312150crd.htm,2,18
0,1962,crd,1,/boxscores/196209160phi.htm,2,21
0,1962,crd,2,/boxscores/196209230gnb.htm,5,41
0,1962,crd,3,/boxscores/196209300was.htm,1,13
0,1962,crd,4,/boxscores/196210070crd.htm,5,44
0,1962,crd,5,/boxscores/196210140crd.htm,4,34
0,1962,crd,6,/boxscores/196210210crd.htm,1,13
0,1962,crd,7,/boxscores/196210280dal.htm,1,5
0,1962,crd,8,/boxscores/196211040nyg.htm,2,19
0,1962,crd,9,/boxscores/196211110crd.htm,0,0
0,1962,crd,10,/boxscores/196211180cle.htm,0,0
0,1962,crd,11,/boxscores/196211250crd.htm,3,26
0,1962,crd,12,/boxscores/196212020pit.htm,6,54
0,1962,crd,13,/boxscores/196212090crd.htm,2,18
0,1962,crd,14,/boxscores/196212160crd.htm,0,0
0,1961,crd,1,/boxscores/196109170nyg.htm,5,43
0,1961,crd,2,/boxscores/196109240cle.htm,5,47
0,1961,crd,3,/boxscores/196110010phi.htm,3,27
0,1961,crd,4,/boxscores/196110080crd.htm,7,64
0,1961,crd,5,/boxscores/196110150crd.htm,2,19
0,1961,crd,6,/boxscores/196110220was.htm,3,29
0,1961,crd,7,/boxscores/196110290crd.htm,4,34
0,1961,crd,8,/boxscores/196111050dal.htm,1,8
0,1961,crd,9,/boxscores/196111120crd.htm,7,59
0,1961,crd,10,/boxscores/196111190clt.htm,6,50
0,1961,crd,11,/boxscores/196111260pit.htm,5,41
0,1961,crd,12,/boxscores/196112030crd.htm,1,13
0,1961,crd,13,/boxscores/196112100crd.htm,2,22
0,1961,crd,14,/boxscores/196112170crd.htm,1,5
0,1960,crd,1,/boxscores/196009230ram.htm,2,22
0,1960,crd,2,/boxscores/196010020crd.htm,2,20
0,1960,crd,3,/boxscores/196010090phi.htm,1,11
0,1960,crd,4,/boxscores/196010160pit.htm,3,23
0,1960,crd,5,/boxscores/196010230crd.htm,0,0
0,1960,crd,6,/boxscores/196010300nyg.htm,1,7
0,1960,crd,7,/boxscores/196011060crd.htm,1,7
0,1960,crd,8,/boxscores/196011130cle.htm,3,23
0,1960,crd,9,/boxscores/196011200was.htm,0,0
0,1960,crd,10,/boxscores/196011270crd.htm,0,0
0,1960,crd,11,/boxscores/196012040crd.htm,2,20
0,1960,crd,13,/boxscores/196012180crd.htm,5,46
0,1959,crd,1,/boxscores/195909270crd.htm,1,12
0,1959,crd,2,/boxscores/195910040crd.htm,3,25
0,1959,crd,3,/boxscores/195910110was.htm,4,38
0,1959,crd,4,/boxscores/195910180cle.htm,0,0
0,1959,crd,5,/boxscores/195910250crd.htm,0,0
0,1959,crd,6,/boxscores/195911010crd.htm,0,0
0,1959,crd,7,/boxscores/195911080nyg.htm,2,14
0,1959,crd,8,/boxscores/195911150phi.htm,3,25
0,1959,crd,9,/boxscores/195911220crd.htm,5,45
0,1959,crd,10,/boxscores/195911290crd.htm,2,14
0,1959,crd,11,/boxscores/195912060det.htm,2,18
0,1959,crd,12,/boxscores/195912130pit.htm,2,16
0,1958,crd,1,/boxscores/195809280crd.htm,2,22
0,1958,crd,2,/boxscores/195810040crd.htm,2,22
0,1958,crd,3,/boxscores/195810120cle.htm,2,16
0,1958,crd,4,/boxscores/195810190nyg.htm,0,0
0,1958,crd,5,/boxscores/195810260crd.htm,3,27
0,1958,crd,6,/boxscores/195811020crd.htm,2,17
0,1958,crd,7,/boxscores/195811090was.htm,0,2
0,1958,crd,8,/boxscores/195811160phi.htm,1,7
0,1958,crd,9,/boxscores/195811230crd.htm,0,0
0,1958,crd,10,/boxscores/195811300crd.htm,1,11
0,1958,crd,11,/boxscores/195812070chi.htm,3,29
0,1958,crd,12,/boxscores/195812130pit.htm,1,8
0,1957,crd,1,/boxscores/195709290sfo.htm,1,5
0,1957,crd,2,/boxscores/195710060crd.htm,4,39
0,1957,crd,3,/boxscores/195710130pit.htm,1,12
0,1957,crd,4,/boxscores/195710200was.htm,0,0
0,1957,crd,5,/boxscores/195710270crd.htm,1,10
0,1957,crd,6,/boxscores/195711030crd.htm,1,11
0,1957,crd,7,/boxscores/195711100nyg.htm,3,26
0,1957,crd,9,/boxscores/195711240crd.htm,1,6
0,1957,crd,10,/boxscores/195712010cle.htm,1,13
0,1957,crd,11,/boxscores/195712080crd.htm,2,22
0,1957,crd,12,/boxscores/195712140phi.htm,1,10
0,1957,crd,13,/boxscores/195712220crd.htm,4,40
0,1956,crd,1,/boxscores/195609300crd.htm,0,0
0,1956,crd,2,/boxscores/195610070crd.htm,0,0
0,1956,crd,3,/boxscores/195610140was.htm,0,2
0,1956,crd,4,/boxscores/195610210phi.htm,0,0
0,1956,crd,5,/boxscores/195610280crd.htm,3,24
0,1956,crd,6,/boxscores/195611040crd.htm,2,15
0,1956,crd,7,/boxscores/195611110nyg.htm,0,4
0,1956,crd,8,/boxscores/195611180pit.htm,2,16
0,1956,crd,9,/boxscores/195611250crd.htm,3,25
0,1956,crd,10,/boxscores/195612020crd.htm,1,7
0,1956,crd,11,/boxscores/195612090chi.htm,3,30
0,1956,crd,12,/boxscores/195612160cle.htm,0,0
0,1955,crd,1,/boxscores/195509260pit.htm,1,12
0,1955,crd,2,/boxscores/195510020crd.htm,0,0
0,1955,crd,3,/boxscores/195510090was.htm,1,8
0,1955,crd,4,/boxscores/195510160nyg.htm,1,10
0,1955,crd,5,/boxscores/195510230crd.htm,1,5
0,1955,crd,6,/boxscores/195510300crd.htm,2,16
0,1955,crd,7,/boxscores/195511050crd.htm,1,7
0,1955,crd,8,/boxscores/195511130gnb.htm,1,5
0,1955,crd,9,/boxscores/195511200crd.htm,4,40
0,1955,crd,10,/boxscores/195511270crd.htm,0,2
0,1955,crd,11,/boxscores/195512040phi.htm,7,60
0,1955,crd,12,/boxscores/195512110cle.htm,1,10
0,1954,crd,1,/boxscores/195409260crd.htm,2,15
0,1954,crd,2,/boxscores/195410030crd.htm,5,48
0,1954,crd,3,/boxscores/195410100cle.htm,0,0
0,1954,crd,4,/boxscores/195410170nyg.htm,3,24
0,1954,crd,5,/boxscores/195410240crd.htm,3,26
0,1954,crd,6,/boxscores/195410310crd.htm,2,15
0,1954,crd,7,/boxscores/195411070phi.htm,4,37
0,1954,crd,8,/boxscores/195411140ram.htm,1,9
0,1954,crd,9,/boxscores/195411210crd.htm,0,0
0,1954,crd,10,/boxscores/195411280pit.htm,2,15
0,1954,crd,11,/boxscores/195412050crd.htm,5,42
0,1954,crd,12,/boxscores/195412120was.htm,1,10
0,1953,crd,1,/boxscores/195309270crd.htm,1,13
0,1953,crd,2,/boxscores/195310040crd.htm,4,40
0,1953,crd,3,/boxscores/195310110pit.htm,2,18
0,1953,crd,4,/boxscores/195310180nyg.htm,4,32
0,1953,crd,5,/boxscores/195310250crd.htm,5,43
0,1953,crd,6,/boxscores/195311010crd.htm,2,21
0,1953,crd,7,/boxscores/195311080was.htm,5,43
0,1953,crd,8,/boxscores/195311150crd.htm,5,47
0,1953,crd,9,/boxscores/195311210phi.htm,4,32
0,1953,crd,10,/boxscores/195311290cle.htm,1,7
0,1953,crd,11,/boxscores/195312060crd.htm,1,13
0,1953,crd,12,/boxscores/195312130chi.htm,2,19
0,1952,crd,1,/boxscores/195209290crd.htm,2,15
0,1952,crd,2,/boxscores/195210050crd.htm,0,0
0,1952,crd,3,/boxscores/195210120was.htm,3,27
0,1952,crd,4,/boxscores/195210190nyg.htm,5,41
0,1952,crd,5,/boxscores/195210260crd.htm,2,17
0,1952,crd,6,/boxscores/195211020crd.htm,2,18
0,1952,crd,7,/boxscores/195211090cle.htm,4,32
0,1952,crd,8,/boxscores/195211160phi.htm,4,38
0,1952,crd,9,/boxscores/195211230pit.htm,5,43
0,1952,crd,10,/boxscores/195211300crd.htm,2,21
0,1952,crd,11,/boxscores/195212070crd.htm,2,22
0,1952,crd,12,/boxscores/195212140chi.htm,3,27
0,1951,crd,1,/boxscores/195109300crd.htm,3,30
0,1951,crd,2,/boxscores/195110070crd.htm,0,0
0,1951,crd,3,/boxscores/195110140nyg.htm,3,24
0,1951,crd,4,/boxscores/195110210was.htm,0,0
0,1951,crd,5,/boxscores/195110280crd.htm,0,0
0,1951,crd,6,/boxscores/195111040crd.htm,3,31
0,1951,crd,7,/boxscores/195111110ram.htm,3,25
0,1951,crd,8,/boxscores/195111180sfo.htm,0,0
0,1951,crd,9,/boxscores/195111250crd.htm,7,59
0,1951,crd,10,/boxscores/195112020cle.htm,6,52
0,1951,crd,11,/boxscores/195112090crd.htm,0,0
0,1951,crd,12,/boxscores/195112160chi.htm,0,0
0,1950,crd,2,/boxscores/195009240crd.htm,4,38
0,1950,crd,3,/boxscores/195010020crd.htm,0,0
0,1950,crd,4,/boxscores/195010080chi.htm,0,0
0,1950,crd,5,/boxscores/195010150cle.htm,0,0
0,1950,crd,6,/boxscores/195010220was.htm,0,0
0,1950,crd,7,/boxscores/195010290crd.htm,4,32
0,1950,crd,8,/boxscores/195011050crd.htm,0,0
0,1950,crd,9,/boxscores/195011120nyg.htm,1,6
0,1950,crd,10,/boxscores/195011190phi.htm,1,13
0,1950,crd,11,/boxscores/195011230crd.htm,0,0
0,1950,crd,12,/boxscores/195012030crd.htm,0,0
0,1950,crd,13,/boxscores/195012100pit.htm,0,0
